{
  "header" : {
    "dsfApiType" : "CURRENCY",
    "id" : "USD",
    "dsfApiPhase" : "main",
    "dsfApiComponent" : "t24data",
    "metadata" : {
      "installed" : "NO",
      "release" : "R21"
    },
    "ttag" : {
      "t24" : {
        "initialSystemBuild" : "YES"
      }
    }
  },
  "body" : {
    "QUOTATION.PIPS" : "4",
    "DAYS.FORWARD" : "0",
    "BASE.CCY.RANK" : "25",
    "MIN.ROUND.TYPE" : "1",
    "PRECIOUS.METAL" : "NO",
    "INTEREST.DAY.BASIS" : "B 366/360",
    "RANK" : "0",
    "DAYS.DELIVERY" : "1",
    "CASH.ROUND.TYPE" : "1",
    "CLS.CCY" : "NO",
    "CCY.NAME" : [ {
      "CCY.NAME" : "US Dollar"
    }, {
      "CCY.NAME" : "Dollar US"
    } ],
    "CURRENCY.MARKET" : [ {
      "NEGOTIABLE.AMT" : "1000000.00",
      "CURRENCY.MARKET" : "1"
    }, {
      "NEGOTIABLE.AMT" : "100000.00",
      "CURRENCY.MARKET" : "10"
    } ]
  }
}